ts_s,pid,rss_mb,peak_rss_mb,private_mb,peak_private_mb
0.0,20832,59.6,59.6,1134.4,1134.4
2.0,20832,59.6,59.6,1134.4,1134.4
4.0,20832,59.6,59.6,1134.4,1134.4
6.0,20832,59.7,59.7,1134.4,1134.4
8.0,20832,59.7,59.7,1134.4,1134.4
10.0,20832,59.7,59.7,1134.4,1134.4
12.0,20832,59.7,59.7,1134.4,1134.4
14.0,20832,59.7,59.7,1134.4,1134.4
16.0,20832,59.7,59.7,1134.4,1134.4
18.1,20832,59.7,59.7,1134.4,1134.4
20.1,20832,59.7,59.7,1134.4,1134.4
22.1,20832,59.7,59.7,1134.4,1134.4
24.1,20832,59.7,59.7,1134.4,1134.4
26.2,20832,59.7,59.7,1134.4,1134.4
28.2,20832,59.7,59.7,1134.4,1134.4
30.2,20832,59.7,59.7,1134.4,1134.4
32.2,20832,59.7,59.7,1134.4,1134.4
34.3,20832,59.7,59.7,1134.4,1134.4
36.3,20832,59.7,59.7,1134.4,1134.4
38.3,20832,59.7,59.7,1134.4,1134.4
40.3,20832,59.7,59.7,1134.4,1134.4
42.3,20832,59.7,59.7,1134.4,1134.4
44.3,20832,59.7,59.7,1134.4,1134.4
46.3,20832,59.7,59.7,1134.4,1134.4
48.3,20832,59.7,59.7,1134.4,1134.4
50.3,20832,59.7,59.7,1134.4,1134.4
52.4,20832,59.7,59.7,1134.4,1134.4
54.4,20832,59.7,59.7,1134.4,1134.4
56.4,20832,59.7,59.7,1134.4,1134.4
58.4,20832,59.7,59.7,1134.4,1134.4
60.4,20832,59.7,59.7,1134.4,1134.4
62.4,20832,59.7,59.7,1134.4,1134.4
64.4,20832,59.7,59.7,1134.4,1134.4
66.4,20832,59.7,59.7,1134.4,1134.4
68.4,20832,59.7,59.7,1134.4,1134.4
70.4,20832,59.7,59.7,1134.4,1134.4
72.4,20832,59.7,59.7,1134.4,1134.4
74.4,20832,59.7,59.7,1134.4,1134.4
76.4,20832,59.7,59.7,1134.4,1134.4
78.4,20832,59.7,59.7,1134.4,1134.4
80.4,20832,59.7,59.7,1134.4,1134.4
82.4,20832,59.7,59.7,1134.4,1134.4
84.4,20832,59.7,59.7,1134.4,1134.4
86.4,20832,59.7,59.7,1134.4,1134.4
88.4,20832,59.7,59.7,1134.4,1134.4
90.4,20832,59.7,59.7,1134.4,1134.4
92.4,20832,59.7,59.7,1134.4,1134.4
94.4,20832,59.7,59.7,1134.4,1134.4
96.4,20832,59.7,59.7,1134.4,1134.4
98.4,20832,59.7,59.7,1134.4,1134.4
100.4,20832,59.7,59.7,1134.4,1134.4
102.4,20832,59.7,59.7,1134.4,1134.4
104.4,20832,59.7,59.7,1134.4,1134.4
106.4,20832,59.7,59.7,1134.4,1134.4
108.4,20832,59.7,59.7,1134.4,1134.4
110.4,20832,59.7,59.7,1134.4,1134.4
112.4,20832,59.7,59.7,1134.4,1134.4
114.4,20832,59.7,59.7,1134.4,1134.4
116.4,20832,59.7,59.7,1134.4,1134.4
118.4,20832,59.7,59.7,1134.4,1134.4
120.4,20832,59.7,59.7,1134.4,1134.4
122.4,20832,59.7,59.7,1134.4,1134.4
124.4,20832,59.7,59.7,1134.4,1134.4
126.4,20832,59.7,59.7,1134.4,1134.4
128.4,20832,59.7,59.7,1134.4,1134.4
130.4,20832,59.7,59.7,1134.4,1134.4
132.4,20832,59.7,59.7,1134.4,1134.4
134.4,20832,59.7,59.7,1134.4,1134.4
136.4,20832,59.7,59.7,1134.4,1134.4
138.4,20832,59.7,59.7,1134.4,1134.4
140.4,20832,59.7,59.7,1134.4,1134.4
142.4,20832,59.7,59.7,1134.4,1134.4
144.4,20832,59.7,59.7,1134.4,1134.4
146.4,20832,59.7,59.7,1134.4,1134.4
148.4,20832,59.7,59.7,1134.4,1134.4
150.4,20832,59.7,59.7,1134.4,1134.4
152.4,20832,59.7,59.7,1134.4,1134.4
154.4,20832,59.7,59.7,1134.4,1134.4
156.4,20832,59.7,59.7,1134.4,1134.4
158.4,20832,59.7,59.7,1134.4,1134.4
160.4,20832,59.7,59.7,1134.4,1134.4
162.4,20832,59.7,59.7,1134.4,1134.4
164.4,20832,59.7,59.7,1134.4,1134.4
166.4,20832,59.7,59.7,1134.4,1134.4
168.4,20832,59.7,59.7,1134.4,1134.4
170.4,20832,59.7,59.7,1134.4,1134.4
172.4,20832,59.7,59.7,1134.4,1134.4
174.4,20832,59.7,59.7,1134.4,1134.4
176.4,20832,59.7,59.7,1134.4,1134.4
178.4,20832,59.8,59.8,1134.5,1134.5
180.4,20832,59.8,59.8,1134.5,1134.5
182.4,20832,59.8,59.8,1134.5,1134.5
184.4,20832,59.8,59.8,1134.5,1134.5
186.5,20832,59.8,59.8,1134.5,1134.5
188.5,20832,59.8,59.8,1134.5,1134.5
190.6,20832,59.8,59.8,1134.5,1134.5
192.6,20832,59.8,59.8,1134.5,1134.5
194.6,20832,59.8,59.8,1134.5,1134.5
196.6,20832,59.8,59.8,1134.5,1134.5
198.6,20832,59.7,59.8,1134.4,1134.5
200.6,20832,59.7,59.8,1134.4,1134.5
202.6,20832,59.7,59.8,1134.4,1134.5
204.6,20832,59.7,59.8,1134.4,1134.5
206.6,20832,59.7,59.8,1134.4,1134.5
208.6,20832,59.7,59.8,1134.4,1134.5
210.6,20832,59.7,59.8,1134.4,1134.5
212.6,20832,59.7,59.8,1134.4,1134.5
214.6,20832,59.7,59.8,1134.4,1134.5
216.6,20832,59.7,59.8,1134.4,1134.5
218.6,20832,59.7,59.8,1134.4,1134.5
220.6,20832,459.7,459.7,1151.2,1151.2
222.6,20832,739.8,739.8,1153.3,1153.3
224.6,20832,742.3,742.3,1142.6,1153.3
226.7,20832,749.9,749.9,1142.6,1153.3
228.7,20832,762.5,762.5,1139.0,1153.3
230.7,20832,776.6,776.6,1139.1,1153.3
232.7,20832,804.9,804.9,1144.3,1153.3
234.7,20832,817.5,817.5,1140.5,1153.3
236.7,20832,839.5,839.5,1142.0,1153.3
238.7,20832,851.5,851.5,1139.0,1153.3
240.7,20832,865.2,865.2,1139.4,1153.3
242.7,20832,884.2,884.2,1139.4,1153.3
244.7,20832,897.9,897.9,1139.4,1153.3
246.7,20832,918.5,918.5,1139.4,1153.3
248.7,20832,951.9,951.9,1139.4,1153.3
250.7,20832,986.0,986.0,1139.7,1153.3
252.7,20832,1000.8,1000.8,1139.7,1153.3
254.7,20832,1019.6,1019.6,1139.7,1153.3
256.7,20832,1033.3,1033.3,1139.7,1153.3
258.7,20832,1047.2,1047.2,1140.7,1153.3
260.7,20832,1047.8,1047.8,1141.0,1153.3
262.7,20832,1047.8,1047.8,1141.1,1153.3
264.7,20832,1048.2,1048.2,1141.4,1153.3
266.7,20832,1068.5,1068.5,1143.3,1153.3
268.7,20832,1075.7,1075.7,1148.2,1153.3
270.7,20832,1105.6,1105.6,1166.8,1166.8
272.7,20832,1106.6,1106.6,1166.8,1166.8
274.7,20832,1110.3,1110.3,1170.2,1170.2
276.8,20832,1112.7,1112.7,1171.1,1171.1
278.8,20832,1115.1,1115.1,1171.6,1171.6
280.9,20832,1114.8,1115.1,1170.1,1171.6
282.9,20832,1116.2,1116.2,1170.3,1171.6
285.0,20832,1116.2,1116.2,1170.3,1171.6
287.0,20832,1116.6,1116.6,1170.5,1171.6
289.0,20832,1119.3,1119.3,1170.5,1171.6
291.1,20832,1091.8,1119.3,1142.9,1171.6
293.1,20832,1092.3,1119.3,1142.9,1171.6
295.1,20832,1092.4,1119.3,1143.0,1171.6
297.1,20832,1092.2,1119.3,1143.1,1171.6
299.2,20832,1092.8,1119.3,1143.4,1171.6
301.2,20832,1094.6,1119.3,1143.7,1171.6
303.2,20832,1094.8,1119.3,1143.7,1171.6
305.2,20832,1094.7,1119.3,1141.9,1171.6
307.3,20832,1096.3,1119.3,1142.6,1171.6
309.3,20832,1096.5,1119.3,1142.7,1171.6
311.3,20832,1100.6,1119.3,1143.4,1171.6
313.3,20832,1101.8,1119.3,1143.9,1171.6
315.3,20832,1178.6,1178.6,1219.9,1219.9
317.3,20832,1385.0,1385.0,1429.2,1429.2
319.3,20832,1385.7,1385.7,1429.2,1429.2
321.3,20832,1385.8,1385.8,1429.2,1429.2
323.3,20832,1389.9,1389.9,1430.2,1430.2
325.3,20832,1389.8,1389.9,1429.8,1430.2
327.3,20832,1390.2,1390.2,1430.6,1430.6
329.3,20832,1390.0,1390.2,1430.1,1430.6
331.3,20832,1390.0,1390.2,1430.1,1430.6
333.3,20832,1390.3,1390.3,1430.2,1430.6
335.3,20832,1390.7,1390.7,1430.6,1430.6
337.3,20832,1392.0,1392.0,1431.8,1431.8
339.3,20832,1392.5,1392.5,1431.8,1431.8
341.4,20832,1391.2,1392.5,1431.2,1431.8
343.5,20832,1391.4,1392.5,1431.3,1431.8
345.5,20832,1391.7,1392.5,1431.8,1431.8
347.5,20832,1391.0,1392.5,1430.1,1431.8
349.5,20832,1391.8,1392.5,1431.1,1431.8
351.5,20832,1390.8,1392.5,1430.0,1431.8
353.5,20832,1390.8,1392.5,1430.1,1431.8
355.5,20832,1390.8,1392.5,1430.1,1431.8
357.5,20832,1390.8,1392.5,1430.1,1431.8
359.5,20832,1390.8,1392.5,1430.1,1431.8
361.5,20832,1390.8,1392.5,1430.1,1431.8
363.5,20832,1390.8,1392.5,1430.1,1431.8
365.5,20832,1390.8,1392.5,1430.1,1431.8
367.6,20832,1390.8,1392.5,1430.1,1431.8
369.7,20832,1391.4,1392.5,1430.1,1431.8
371.7,20832,1391.4,1392.5,1430.1,1431.8
373.7,20832,1391.5,1392.5,1430.1,1431.8
375.7,20832,1391.5,1392.5,1430.1,1431.8
377.8,20832,1391.6,1392.5,1430.2,1431.8
379.8,20832,1135.2,1392.5,1173.2,1431.8
381.8,20832,1135.2,1392.5,1173.2,1431.8
383.8,20832,1135.2,1392.5,1173.2,1431.8
385.8,20832,1135.2,1392.5,1173.2,1431.8
387.9,20832,1135.3,1392.5,1173.3,1431.8
389.9,20832,1135.6,1392.5,1173.5,1431.8
391.9,20832,1134.6,1392.5,1172.9,1431.8
393.9,20832,1385.5,1392.5,1427.7,1431.8
395.9,20832,1385.5,1392.5,1427.8,1431.8
397.9,20832,1385.5,1392.5,1427.8,1431.8
399.9,20832,1385.7,1392.5,1427.8,1431.8
401.9,20832,1389.1,1392.5,1427.2,1431.8
403.9,20832,1390.1,1392.5,1428.4,1431.8
405.9,20832,1390.2,1392.5,1428.4,1431.8
407.9,20832,1390.4,1392.5,1428.5,1431.8
409.9,20832,1301.9,1392.5,1341.0,1431.8
412.0,20832,1381.7,1392.5,1421.4,1431.8
414.0,20832,1382.5,1392.5,1422.2,1431.8
416.0,20832,1382.5,1392.5,1422.2,1431.8
418.0,20832,1389.1,1392.5,1428.8,1431.8
420.0,20832,1388.2,1392.5,1427.7,1431.8
422.0,20832,1384.7,1392.5,1426.3,1431.8
424.1,20832,1384.7,1392.5,1426.3,1431.8
426.2,20832,1384.8,1392.5,1426.5,1431.8
428.3,20832,1384.9,1392.5,1426.5,1431.8
430.4,20832,1384.9,1392.5,1426.5,1431.8
432.4,20832,1384.9,1392.5,1426.5,1431.8
434.4,20832,1384.9,1392.5,1426.5,1431.8
436.4,20832,1323.9,1392.5,1365.4,1431.8
438.5,20832,1323.9,1392.5,1365.4,1431.8
440.6,20832,1324.1,1392.5,1365.8,1431.8
442.6,20832,1324.1,1392.5,1365.8,1431.8
444.6,20832,1324.1,1392.5,1365.8,1431.8
446.7,20832,1324.1,1392.5,1365.8,1431.8
448.7,20832,1324.1,1392.5,1365.8,1431.8
450.7,20832,1324.2,1392.5,1365.8,1431.8
452.9,20832,1324.2,1392.5,1365.9,1431.8
455.0,20832,1324.2,1392.5,1365.9,1431.8
457.1,20832,1324.2,1392.5,1365.9,1431.8
459.1,20832,1324.2,1392.5,1365.9,1431.8
461.1,20832,1324.2,1392.5,1365.9,1431.8
463.2,20832,1324.2,1392.5,1365.9,1431.8
465.2,20832,1324.2,1392.5,1365.9,1431.8
467.3,20832,1324.2,1392.5,1365.9,1431.8
469.4,20832,1324.2,1392.5,1365.9,1431.8
471.6,20832,1324.2,1392.5,1365.9,1431.8
473.6,20832,1324.2,1392.5,1365.9,1431.8
475.6,20832,1324.2,1392.5,1365.9,1431.8
477.7,20832,1324.2,1392.5,1365.9,1431.8
479.7,20832,1324.8,1392.5,1365.9,1431.8
481.8,20832,1324.8,1392.5,1365.9,1431.8
483.8,20832,1324.8,1392.5,1365.9,1431.8
485.9,20832,1324.8,1392.5,1365.9,1431.8
487.9,20832,1324.8,1392.5,1365.9,1431.8
489.9,20832,1325.0,1392.5,1365.9,1431.8
491.9,20832,1325.1,1392.5,1365.9,1431.8
493.9,20832,1325.1,1392.5,1365.9,1431.8
495.9,20832,1325.1,1392.5,1365.9,1431.8
498.0,20832,1111.5,1392.5,1151.4,1431.8
500.0,20832,1110.2,1392.5,1146.3,1431.8
502.0,20832,1110.2,1392.5,1146.3,1431.8
504.0,20832,1110.2,1392.5,1146.3,1431.8
506.1,20832,1110.2,1392.5,1146.3,1431.8
508.1,20832,1110.2,1392.5,1146.3,1431.8
510.1,20832,1110.2,1392.5,1146.3,1431.8
512.1,20832,1110.2,1392.5,1146.3,1431.8
514.1,20832,1110.2,1392.5,1146.3,1431.8
516.1,20832,1110.2,1392.5,1146.3,1431.8
518.1,20832,1110.4,1392.5,1146.4,1431.8
520.1,20832,1110.5,1392.5,1146.4,1431.8
522.1,20832,1110.6,1392.5,1146.6,1431.8
524.1,20832,1161.9,1392.5,1200.7,1431.8
526.1,20832,1165.8,1392.5,1204.9,1431.8
528.1,20832,1168.2,1392.5,1205.0,1431.8
530.1,20832,1172.1,1392.5,1209.2,1431.8
532.1,20832,1172.9,1392.5,1209.3,1431.8
534.1,20832,1172.9,1392.5,1209.3,1431.8
536.1,20832,1173.2,1392.5,1209.3,1431.8
538.1,20832,1178.9,1392.5,1216.8,1431.8
540.1,20832,1178.9,1392.5,1216.8,1431.8
542.1,20832,1178.9,1392.5,1216.8,1431.8
544.1,20832,1179.8,1392.5,1216.8,1431.8
546.1,20832,1179.8,1392.5,1216.8,1431.8
548.1,20832,1179.8,1392.5,1216.8,1431.8
550.1,20832,1179.8,1392.5,1216.8,1431.8
552.1,20832,1180.5,1392.5,1216.8,1431.8
554.1,20832,1180.5,1392.5,1216.8,1431.8
556.1,20832,1180.5,1392.5,1216.8,1431.8
558.1,20832,1111.3,1392.5,1147.4,1431.8
560.1,20832,1111.3,1392.5,1147.4,1431.8
562.1,20832,1111.3,1392.5,1147.5,1431.8
564.1,20832,1111.3,1392.5,1147.5,1431.8
566.1,20832,1111.4,1392.5,1147.5,1431.8
568.1,20832,1111.5,1392.5,1147.5,1431.8
570.1,20832,1274.4,1392.5,1310.9,1431.8
572.1,20832,1274.5,1392.5,1310.9,1431.8
574.1,20832,1274.5,1392.5,1310.9,1431.8
576.1,20832,1274.6,1392.5,1310.9,1431.8
578.1,20832,1274.6,1392.5,1312.7,1431.8
580.1,20832,1565.8,1565.8,1609.4,1609.4
582.1,20832,1565.8,1565.8,1609.4,1609.4
584.1,20832,1565.9,1565.9,1609.4,1609.4
586.1,20832,1565.9,1565.9,1609.4,1609.4
588.1,20832,1571.1,1571.1,1609.9,1609.9
590.1,20832,1571.2,1571.2,1610.0,1610.0
592.1,20832,1604.3,1604.3,1643.7,1643.7
594.1,20832,1604.4,1604.4,1643.7,1643.7
596.1,20832,1577.7,1604.4,1616.2,1643.7
598.1,20832,1609.4,1609.4,1647.9,1647.9
600.1,20832,1609.4,1609.4,1647.9,1647.9
602.1,20832,1610.0,1610.0,1647.9,1647.9
604.1,20832,1610.0,1610.0,1647.9,1647.9
606.1,20832,1237.1,1610.0,1273.0,1647.9
608.1,20832,1237.1,1610.0,1273.0,1647.9
610.1,20832,1237.1,1610.0,1273.0,1647.9
612.1,20832,1235.6,1610.0,1271.4,1647.9
614.1,20832,1235.8,1610.0,1271.5,1647.9
616.1,20832,1320.5,1610.0,1356.5,1647.9
618.1,20832,1353.6,1610.0,1390.3,1647.9
620.1,20832,1358.2,1610.0,1395.0,1647.9
622.1,20832,1358.2,1610.0,1395.0,1647.9
624.1,20832,1424.8,1610.0,1463.4,1647.9
626.1,20832,1426.1,1610.0,1463.5,1647.9
628.2,20832,1426.2,1610.0,1463.5,1647.9
630.2,20832,1426.2,1610.0,1463.5,1647.9
632.2,20832,1426.2,1610.0,1463.5,1647.9
634.2,20832,1655.8,1655.8,1697.4,1697.4
636.2,20832,1656.1,1656.1,1697.4,1697.4
638.2,20832,1656.1,1656.1,1697.4,1697.4
640.2,20832,1656.2,1656.2,1697.4,1697.4
642.2,20832,1656.2,1656.2,1697.4,1697.4
644.2,20832,1226.0,1656.2,1261.1,1697.4
646.2,20832,1263.1,1656.2,1298.9,1697.4
648.2,20832,1263.3,1656.2,1299.1,1697.4
650.2,20832,1300.5,1656.2,1336.0,1697.4
652.2,20832,1337.2,1656.2,1372.9,1697.4
654.2,20832,1337.8,1656.2,1373.7,1697.4
656.2,20832,1371.6,1656.2,1407.5,1697.4
658.2,20832,1371.6,1656.2,1407.5,1697.4
660.2,20832,1371.7,1656.2,1407.6,1697.4
662.2,20832,1546.0,1656.2,1586.4,1697.4
664.2,20832,1550.0,1656.2,1586.5,1697.4
666.2,20832,1447.4,1656.2,1483.5,1697.4
668.2,20832,1614.8,1656.2,1654.1,1697.4
670.2,20832,1461.8,1656.2,1497.8,1697.4
672.2,20832,1543.1,1656.2,1668.5,1697.4
674.2,20832,1345.8,1656.2,1381.4,1697.4
676.2,20832,1115.8,1656.2,1150.6,1697.4
678.2,20832,1115.9,1656.2,1150.7,1697.4
680.2,20832,1115.9,1656.2,1150.7,1697.4
682.2,20832,1327.3,1656.2,1366.2,1697.4
684.2,20832,1327.3,1656.2,1366.2,1697.4
686.2,20832,1360.4,1656.2,1399.9,1697.4
688.2,20832,1309.3,1656.2,1344.8,1697.4
690.2,20832,1402.3,1656.2,1497.0,1697.4
692.2,20832,1486.6,1656.2,1525.6,1697.4
694.2,20832,1513.7,1656.2,1553.2,1697.4
696.2,20832,1618.6,1656.2,1657.4,1697.4
698.2,20832,1618.6,1656.2,1657.4,1697.4
700.2,20832,1640.8,1656.2,1679.8,1697.4
702.2,20832,1640.8,1656.2,1679.8,1697.4
704.2,20832,1704.9,1704.9,1777.0,1777.0
706.2,20832,1738.9,1738.9,1777.2,1777.2
708.2,20832,1739.5,1739.5,1777.5,1777.5
710.2,20832,1756.0,1756.0,1795.2,1795.2
712.2,20832,1757.8,1757.8,1795.2,1795.2
714.2,20832,1757.8,1757.8,1795.2,1795.2
716.2,20832,1757.9,1757.9,1795.3,1795.3
718.2,20832,1442.5,1757.9,1478.7,1795.3
720.2,20832,1442.5,1757.9,1478.7,1795.3
722.2,20832,1442.5,1757.9,1478.7,1795.3
724.2,20832,1442.5,1757.9,1478.7,1795.3
726.2,20832,1442.5,1757.9,1478.7,1795.3
728.2,20832,1442.5,1757.9,1478.7,1795.3
730.2,20832,1442.5,1757.9,1478.7,1795.3
732.2,20832,1442.5,1757.9,1478.7,1795.3
734.2,20832,1442.5,1757.9,1478.7,1795.3
736.2,20832,1442.5,1757.9,1478.7,1795.3
738.2,20832,1442.5,1757.9,1478.7,1795.3
740.2,20832,1442.5,1757.9,1478.7,1795.3
742.2,20832,1442.5,1757.9,1478.7,1795.3
744.2,20832,1442.5,1757.9,1478.7,1795.3
746.2,20832,1442.5,1757.9,1478.7,1795.3
748.2,20832,1442.5,1757.9,1478.7,1795.3
750.2,20832,1442.5,1757.9,1478.7,1795.3
752.2,20832,1442.5,1757.9,1478.7,1795.3
754.2,20832,1442.5,1757.9,1478.7,1795.3
756.2,20832,1442.5,1757.9,1478.7,1795.3
758.2,20832,1442.5,1757.9,1478.7,1795.3
760.2,20832,1460.0,1757.9,1495.5,1795.3
762.3,20832,1511.6,1757.9,1546.0,1795.3
764.3,20832,1535.0,1757.9,1569.9,1795.3
766.3,20832,1545.8,1757.9,1581.0,1795.3
768.3,20832,1565.6,1757.9,1600.9,1795.3
770.3,20832,1562.3,1757.9,1599.3,1795.3
772.3,20832,1575.2,1757.9,1610.0,1795.3
774.3,20832,1572.9,1757.9,1607.5,1795.3
776.3,20832,1581.4,1757.9,1618.9,1795.3
778.3,20832,1580.6,1757.9,1616.6,1795.3
780.4,20832,1520.5,1757.9,1555.5,1795.3
782.4,20832,1545.2,1757.9,1580.7,1795.3
784.4,20832,1564.8,1757.9,1600.1,1795.3
786.5,20832,1523.6,1757.9,1563.7,1795.3
788.5,20832,1530.8,1757.9,1570.6,1795.3
790.5,20832,1501.5,1757.9,1537.6,1795.3
792.5,20832,1534.2,1757.9,1569.9,1795.3
794.6,20832,1545.6,1757.9,1580.6,1795.3
796.6,20832,1546.7,1757.9,1583.5,1795.3
798.6,20832,1547.8,1757.9,1584.8,1795.3
800.6,20832,1225.5,1757.9,1260.7,1795.3
802.6,20832,1226.5,1757.9,1261.3,1795.3
804.7,20832,1231.4,1757.9,1266.5,1795.3
806.7,20832,1230.0,1757.9,1264.7,1795.3
808.7,20832,1230.4,1757.9,1265.1,1795.3
810.7,20832,1233.4,1757.9,1268.1,1795.3
812.7,20832,1234.5,1757.9,1268.7,1795.3
814.7,20832,1234.8,1757.9,1268.9,1795.3
816.7,20832,1235.0,1757.9,1269.1,1795.3
818.7,20832,1235.1,1757.9,1269.2,1795.3
820.7,20832,1179.6,1757.9,1212.7,1795.3
822.7,20832,1209.8,1757.9,1243.7,1795.3
824.8,20832,1212.8,1757.9,1246.6,1795.3
826.8,20832,1217.5,1757.9,1251.3,1795.3
828.8,20832,1220.1,1757.9,1253.9,1795.3
830.8,20832,1225.6,1757.9,1259.3,1795.3
832.8,20832,1227.5,1757.9,1261.4,1795.3
834.8,20832,1228.0,1757.9,1261.9,1795.3
836.8,20832,1230.6,1757.9,1264.4,1795.3
838.8,20832,1233.2,1757.9,1266.0,1795.3
840.8,20832,1233.3,1757.9,1266.1,1795.3
842.8,20832,1233.7,1757.9,1266.4,1795.3
844.8,20832,1235.2,1757.9,1267.9,1795.3
846.8,20832,1236.1,1757.9,1268.7,1795.3
848.8,20832,1236.7,1757.9,1269.2,1795.3
850.9,20832,1236.7,1757.9,1269.2,1795.3
852.9,20832,1236.7,1757.9,1269.2,1795.3
854.9,20832,1236.7,1757.9,1269.2,1795.3
856.9,20832,1236.8,1757.9,1269.2,1795.3
858.9,20832,1236.9,1757.9,1269.3,1795.3
860.9,20832,1236.9,1757.9,1269.3,1795.3
862.9,20832,1236.9,1757.9,1269.3,1795.3
